License Number,Status,License Type,Orig. Iss. Date,Expir. Date,Primary Owner,Premises Addr.,Business Name,Geo Code
4693,ACTIVE,51,01/03/1989,03/31/2027,BURLINGAME COUNTRY CLUB,"80 NEW PLACE RD,HILLSBOROUGH, CA  94010Census Tract:  6056.00",BURLINGAME COUNTRY CLUB,4106
9451,ACTIVE,51,11/13/1947,01/31/2027,PENINSULA TENNIS CLUB,"433 CHATHAM RD,BURLINGAME, CA  94010Census Tract:  6054.00",PENINSULA TENNIS CLUB,4103
23826,ACTIVE,42,07/02/1979,06/30/2027,WEIMAX CORPORATION,"1178 BROADWAY,BURLINGAME, CA  94010Census Tract:  6051.00",WEIMAX WINES & SPIRITS,4103
24768,ACTIVE,57,07/13/1949,08/31/2027,GREEN HILLS COUNTRY CLUB,"LUDEMAN LN END OF,MILLBRAE, CA  94030Census Tract:  6048.00",GREEN HILLS COUNTRY CLUB,4108
34802,ACTIVE,50,02/09/1938,02/28/2027,HILLSBOROUGH RACQUET CLUB,"252 EL CERRITO AVE,HILLSBOROUGH, CA  94010Census Tract:  6057.00",,4106
98247,ACTIVE,41,12/29/1980,07/31/2027,"AZAR, BASIM","245 CALIFORNIA DR,BURLINGAME, CA  94010Census Tract:  6055.02",CHRISTIES RESTAURANT,4103
122599,ACTIVE,51,10/02/1982,09/30/2026,THE LIONS CLUB OF BURLINGAME,"990 BURLINGAME AVE,BURLINGAME, CA  94010Census Tract:  6054.00",LIONS CLUB OF BURLINGAME,4103
122599,ACTIVE,58,10/02/1982,09/30/2026,THE LIONS CLUB OF BURLINGAME,"990 BURLINGAME AVE,BURLINGAME, CA  94010Census Tract:  6054.00",LIONS CLUB OF BURLINGAME,4103
162817,ACTIVE,41,12/21/1984,07/31/2027,"ANEZINOS, FANAGIOTIS KOSTAS","1567 EL CAMINO REAL,MILLBRAE, CA  94030-1213Census Tract:  6039.00",ZORBAS PIZZA,4108
168015,ACTIVE,41,02/26/1985,05/31/2027,BELISA CORPORATION,"1201 BROADWAY,BURLINGAME, CA  94010-3423Census Tract:  6051.00",VILLAGE HOST PIZZA,4103
177095,ACTIVE,48,10/01/1985,12/31/2026,BEHANS AN IRISH PUB,"1327 BROADWAY,BURLINGAME, CA  94010Census Tract:  6051.00",BEHANS AN IRISH PUB,4103
208074,ACTIVE,41,10/30/1987,04/30/2027,"BARRANTI, LEONARD","510 BROADWAY,MILLBRAE, CA  94030Census Tract:  6039.00",LEANARDOS ITALIAN CAFE & DELI,4108
220571,ACTIVE,58,09/08/1988,01/31/2027,HYATT CORPORATION,"1333 BAYSHORE HWY,BURLINGAME, CA  94010Census Tract:  6051.00",HYATT REGENCY SAN FRANCISCO AIRPORT,4103
220571,ACTIVE,47,09/08/1988,01/31/2027,HYATT CORPORATION,"1333 BAYSHORE HWY,BURLINGAME, CA  94010Census Tract:  6051.00",HYATT REGENCY SAN FRANCISCO AIRPORT,4103
282993,ACTIVE,41,06/22/1993,05/31/2027,KENS HOUSE OF PANCAKES OF MILLBRAE,"10 EL CAMINO REAL,MILLBRAE, CA  94030Census Tract:  6039.00",PETERS CAFE,4108
285276,ACTIVE,41,07/16/1993,06/30/2027,"KIKUCHI, RYO","407 BROADWAY,MILLBRAE, CA  94030Census Tract:  6039.00",SASHI KEI,4108
291717,ACTIVE,68,04/22/1994,03/31/2027,FIT TEXAS INVESTMENT CORPORATION,"835 AIRPORT BLVD,BURLINGAME, CA  94010Census Tract:  6054.00",DOUBLETREE HOTEL,4103
291717,ACTIVE,47,04/22/1994,03/31/2027,FIT TEXAS INVESTMENT CORPORATION,"835 AIRPORT BLVD,BURLINGAME, CA  94010Census Tract:  6054.00",DOUBLETREE HOTEL,4103
292872,ACTIVE,68,03/03/1994,04/30/2027,HARBOR VIEW HOTELS INC,"600 AIRPORT BLVD,BURLINGAME, CA  94010Census Tract:  6054.00",HILTON SAN FRANCISCO AIRPORT,4103
292872,ACTIVE,47,03/03/1994,04/30/2027,HARBOR VIEW HOTELS INC,"600 AIRPORT BLVD,BURLINGAME, CA  94010Census Tract:  6054.00",HILTON SAN FRANCISCO AIRPORT,4103
295225,ACTIVE,41,06/28/1994,05/31/2027,YOSIZONO JAPANESE CUISINE CORP,"1101 HOWARD AVE,BURLINGAME, CA  94010Census Tract:  6055.02",TOMOKAZU JAPANESE CUISINE RESTAURANT,4103
305575,ACTIVE,41,05/25/1995,04/30/2027,"KHUU, PHON SUI","170 EL CAMINO REAL,MILLBRAE, CA  94030-2606Census Tract:  6039.00",LA PETITE CAMILE,4108
305806,ACTIVE,48,05/01/1995,04/30/2027,"FLYNN, PATRICK","246 LORTON AVE,BURLINGAME, CA  94010Census Tract:  6055.02",PADDY FLYNNS BAR,4103
327289,ACTIVE,47,02/25/1997,02/28/2027,FIDDLERS AIRES INC,"333 EL CAMINO REAL,MILLBRAE, CA  94030Census Tract:  6039.00",FIDDLERS GREEN IRISH PUB,4108
327289,ACTIVE,77,02/25/1997,02/28/2027,FIDDLERS AIRES INC,"333 EL CAMINO REAL,MILLBRAE, CA  94030Census Tract:  6039.00",FIDDLERS GREEN IRISH PUB,4108
327289,ACTIVE,58,02/25/1997,02/28/2027,FIDDLERS AIRES INC,"333 EL CAMINO REAL,MILLBRAE, CA  94030Census Tract:  6039.00",FIDDLERS GREEN IRISH PUB,4108
333583,ACTIVE,41,12/26/1997,08/31/2027,PRIME TIME ATHLETIC CLUB INC,"1730 ROLLINS RD,BURLINGAME, CA  94010Census Tract:  6044.00",PRIME TIME ATHLETIC CLUB,4103
340626,ACTIVE,47,05/19/1998,05/31/2027,THE AMERICAN BULL BAR AND GRILL INC,"1817-19 EL CAMINO REAL,BURLINGAME, CA  94010Census Tract:  6050.00",THE AMERICAN BULL BAR & GRILL,4103
342774,ACTIVE,47,08/10/1998,12/31/2026,LA COLLINA INC,"355 EL CAMINO REAL,MILLBRAE, CA  94030Census Tract:  6044.00",LA COLLINA,4108
348765,ACTIVE,86,03/09/1999,06/30/2027,ALBECO INC,"1477 CHAPIN AVE,BURLINGAME, CA  94010Census Tract:  6055.01",MOLLIE STONES MARKET 6,4103
351581,ACTIVE,41,04/07/1999,04/30/2027,2001 THAI STICK INC,"301 EL CAMINO REAL,MILLBRAE, CA  94030-2609Census Tract:  6039.00",THAI STICK,4108
366971,ACTIVE,47,12/27/2000,11/30/2026,TIANMAR INC,"1316 BROADWAY,BURLINGAME, CA  94010Census Tract:  6051.00",BROADWAY PRIME RIB,4103
366971,ACTIVE,58,12/27/2000,11/30/2026,TIANMAR INC,"1316 BROADWAY,BURLINGAME, CA  94010Census Tract:  6051.00",BROADWAY PRIME RIB,4103
370226,ACTIVE,41,12/04/2000,11/30/2026,"HIZY, JOHN GARY","352 BROADWAY,MILLBRAE, CA  94030Census Tract:  6044.00",O SOLE MIO RESTAURANT,4108
374419,ACTIVE,47,11/05/2001,02/28/2027,MAMME INC,"1447 BURLINGAME AVE,BURLINGAME, CA  94010-4110Census Tract:  6055.02",SAPORE ITALIANO RISTORANTE,4103
387154,ACTIVE,41,06/10/2002,05/31/2027,SULEIMAN FAKHOURI & SONS,"1310 BURLINGAME AVE,BURLINGAME, CA  94010Census Tract:  6055.01",CREPEVINE THE,4103
391748,ACTIVE,41,10/09/2002,08/31/2027,NEALS COFFEE SHOP INC,"1845 EL CAMINO REAL,BURLINGAME, CA  94010Census Tract:  6050.00",NEALS COFFEE SHOP INC,4103
395526,ACTIVE,41,01/06/2003,12/31/2026,"WU, AI CHANG","1320 EL CAMINO REAL,MILLBRAE, CA  94030Census Tract:  6044.00",CHEF WANG,4108
410728,ACTIVE,47,05/05/2004,03/31/2027,CAFE FIGARO,"1318 BROADWAY,BURLINGAME, CA  94010Census Tract:  6051.00",CAFE FIGARO,4103
412744,ACTIVE,41,02/23/2007,04/30/2027,TOO TARTS LLC,"1408 BURLINGAME AVE,BURLINGAME, CA  94010Census Tract:  6055.01",ALANAS CAFE,4103
420992,ACTIVE,48,03/03/2005,02/28/2027,AGSJ INC,"221 PARK RD,BURLINGAME, CA  94010Census Tract:  6055.02",VINYL ROOM THE,4103
445703,ACTIVE,47,11/19/2007,10/31/2026,CHIPOTLE MEXICAN GRILL INC,"135 S EL CAMINO REAL, # 105,MILLBRAE, CA  94030-3122Census Tract:  6049.00",CHIPOTLE MEXICAN GRILL,4108
462779,ACTIVE,41,02/05/2008,01/31/2027,MINGALABA INC,"1213 BURLINGAME AVE,BURLINGAME, CA  94010-4107Census Tract:  6055.02",MINGALABA,4103
473998,ACTIVE,41,03/13/2009,02/28/2027,GYROS INC,"1318 BURLINGAME AVE,BURLINGAME, CA  94010-4109Census Tract:  6055.01",MEDITERRANEAN KEBAB,4103
475451,ACTIVE,58,04/20/2009,03/31/2027,ROCCA KURTS BROTHERS INC,"1205 BROADWAY,BURLINGAME, CA  94010-3423Census Tract:  6051.00",RISTORANTE ROCCA,4103
475451,ACTIVE,47,04/20/2009,03/31/2027,ROCCA KURTS BROTHERS INC,"1205 BROADWAY,BURLINGAME, CA  94010-3423Census Tract:  6051.00",RISTORANTE ROCCA,4103
482521,ACTIVE,42,01/29/2010,03/31/2027,BEVERAGES & MORE INC,"1462 BURLINGAME AVE,BURLINGAME, CA  94010-4111Census Tract:  6055.01",BEVERAGES AND MORE INC,4103
500973,ACTIVE,86,09/08/2011,06/30/2027,SAFEWAY INC,"1450 HOWARD AVE,BURLINGAME, CA  94010Census Tract:  6055.02",SAFEWAY STORE #1547,4103
501632,ACTIVE,48,02/22/2011,01/31/2027,JNJL LLC,"303-305 CALIFORNIA AVE,BURLINGAME, CA  94010-4114Census Tract:  6055.01",BARREL HOUSE,4103
509753,SUSPEN,41,08/22/2011,07/31/2027,QUASAR RESTAURANT GROUP LLC,"1155 CALIFORNIA DR, UNIT G,BURLINGAME, CA  94010-3561Census Tract:  6051.00",MOKUTANYA,4103
516999,ACTIVE,41,03/06/2012,02/28/2027,"BINH DAI, INC.","219 EL CAMINO REAL,MILLBRAE, CA  94030-2607Census Tract:  6039.00",BEN TRE,4108
519106,ACTIVE,47,07/30/2012,06/30/2026,"THE PIZZA ALLIANCE 2, LLC","1108 BURLINGAME AVE,BURLINGAME, CA  94010-4106Census Tract:  6055.01",BLUE LINE PIZZA,4103
519802,ACTIVE,47,08/09/2012,01/31/2027,COCONUT BAY COMPANY INC,"1107 HOWARD AVE,BURLINGAME, CA  94010-4214Census Tract:  6055.02",COCONUT BAY,4103
520119,ACTIVE,41,06/13/2012,05/31/2027,GOOD WING CORPORATION,"1085 EL CAMINO REAL,MILLBRAE, CA  94030-2013Census Tract:  6044.00",WINGSTOP RESTAURANT,4108
521801,ACTIVE,41,06/27/2012,06/30/2027,PIZZA MY HEART INC,"235 PRIMROSE RD,BURLINGAME, CA  94010-4207Census Tract:  6055.02",PIZZA MY HEART,4103
522650,ACTIVE,86,05/30/2013,06/30/2027,SAFEWAY INC,"525 EL CAMINO REAL,MILLBRAE, CA  94030-2030Census Tract:  6039.00",SAFEWAY STORE #2878,4108
523154,ACTIVE,41,11/09/2012,10/31/2026,"NEW ENGLAND LOBSTER CO., INC","824 COWAN RD.,BURLINGAME, CA  94010-1205Census Tract:  6051.00",NEW ENGLAND LOBSTER MARKET,4103
525341,ACTIVE,47,05/01/2013,04/30/2027,"GLOBAL CITY HOTELS, INC","1177 AIRPORT BLVD,BURLINGAME, CA  94010-1909Census Tract:  6054.00",CROWNE PLAZA SAN FRANCISCO AIRPORT BURLINGAME,4103
525473,ACTIVE,48,11/09/2012,10/31/2026,"HK STL, INC.","1741 EL CAMINO REAL,MILLBRAE, CA  94030-1215Census Tract:  6044.00",STARLIGHT LOUNGE,4108
530118,ACTIVE,47,07/01/2013,03/31/2027,"ALVAREZ, LAURA PATRICIA","1123 BURLINGAME AVE,BURLINGAME, CA  94010-4115Census Tract:  6055.02",LA CORNETA,4103
535330,ACTIVE,41,10/08/2013,09/30/2026,JIMMY LAI LAI & COMPANY,"334 BROADWAY,MILLBRAE, CA  94030-2510Census Tract:  6039.00",LAI LAI RESTAURANT,4108
542277,ACTIVE,68,06/04/2014,05/31/2027,"DJONT OPERATIONS, L.L.C.","150 ANZA BLVD,BURLINGAME, CA  94010-1924Census Tract:  6054.00",,4103
542277,ACTIVE,47,06/04/2014,05/31/2027,"DJONT OPERATIONS, L.L.C.","150 ANZA BLVD,BURLINGAME, CA  94010-1924Census Tract:  6054.00",,4103
542389,ACTIVE,41,05/30/2014,04/30/2027,"XUE, JUNSONG","270 BROADWAY,MILLBRAE, CA  94030-2508Census Tract:  6039.00",WONDERFUL,4108
544817,ACTIVE,42,10/13/2015,01/31/2027,TOTTENHAM WINES & SPIRITS INTERNATIONAL LLC,"337 PRIMROSE AVE,BURLINGAME, CA  94010-4004Census Tract:  6055.01","PRESTIGE WINE AND LIQUOR, WINE STOP THE",4103
547237,ACTIVE,42,10/27/2014,02/28/2027,"BACCHUS CONSULTING GROUP, LLC","25 HILLCREST BLVD,MILLBRAE, CA  94030-2637Census Tract:  6044.00",,4108
547237,ACTIVE,58,10/27/2014,02/28/2027,"BACCHUS CONSULTING GROUP, LLC","25 HILLCREST BLVD,MILLBRAE, CA  94030-2637Census Tract:  6044.00",,4108
547237,ACTIVE,86,10/27/2014,02/28/2027,"BACCHUS CONSULTING GROUP, LLC","25 HILLCREST BLVD,MILLBRAE, CA  94030-2637Census Tract:  6044.00",,4108
551167,ACTIVE,47,12/23/2014,11/30/2026,"ASLAM'S RASOI 2, INC.","1425 BURLINGAME AVE,BURLINGAME, CA  94010-4110Census Tract:  6055.02",ASLAMS RASOI,4103
552952,ACTIVE,41,03/23/2015,02/28/2027,GOLDEN YANGON LLC,"1136 BROADWAY,BURLINGAME, CA  94010-3422Census Tract:  6051.00",YANGON,4103
555043,ACTIVE,41,04/29/2015,03/31/2027,YOUNG CAN WOK CHINESE BISTRO,"1200 BROADWAY,BURLINGAME, CA  94010-3424Census Tract:  6051.00",YOUNG CAN WOK CHINESE BISTRO,4103
555452,ACTIVE,58,07/02/2015,02/28/2027,PAMELA KEITH INC,"840 STANTON RD,BURLINGAME, CA  94010-1404Census Tract:  6051.00",CUISINE STYLE,4103
555452,ACTIVE,47,07/02/2015,02/28/2027,PAMELA KEITH INC,"840 STANTON RD,BURLINGAME, CA  94010-1404Census Tract:  6051.00",CUISINE STYLE,4103
559161,ACTIVE,42,10/09/2015,09/30/2026,"DEL OLIVA, INC.","1440 BURLINGAME AVE,BURLINGAME, CA  94010-4111Census Tract:  6055.01",DEL' OLIVA,4103
560980,ACTIVE,41,11/20/2015,10/31/2026,"WEN JUN, INC.","1661 EL CAMINO REAL,MILLBRAE, CA  94030-1214Census Tract:  6039.00",YUMMY SZECHUAN,4108
562902,ACTIVE,41,03/29/2016,02/28/2027,"CHONG, PO KUEN","245 EL CAMINO REAL,MILLBRAE, CA  94030-2607Census Tract:  6039.00",CHEUNG HING MILLBRAE INC,4108
566043,ACTIVE,47,04/15/2016,03/31/2027,"F&JP EATS, LLC","1101 BURLINGAME AVE,BURLINGAME, CA  94010-4105Census Tract:  6055.02",LIMON,4103
567390,ACTIVE,58,05/16/2016,04/30/2027,MAVERICK JACK'S LLC,"1190 CALIFORNIA DR,BURLINGAME, CA  94010-3506Census Tract:  6051.00",MAVERICK JACKS,4103
567390,ACTIVE,41,05/16/2016,04/30/2027,MAVERICK JACK'S LLC,"1190 CALIFORNIA DR,BURLINGAME, CA  94010-3506Census Tract:  6051.00",MAVERICK JACKS,4103
571875,ACTIVE,41,09/15/2016,08/31/2026,"KY GOD, INC.","133 EL CAMINO REAL,MILLBRAE, CA  94030-2605Census Tract:  6039.00",MOM'S TOFU HOUSE,4108
573188,SUREND,42,11/21/2016,10/31/2026,VINEYARD GATE SELECTIONS LLC,"238 BROADWAY,MILLBRAE, CA  94030Census Tract:  6039.00",VINEYARD GATE SELECTIONS LLC,4108
575504,ACTIVE,41,12/02/2016,11/30/2026,ROYAL FEAST,"150 EL CAMINO REAL,MILLBRAE, CA  94030-2606Census Tract:  6039.00",,4108
576222,ACTIVE,47,02/07/2017,01/31/2027,MIKDAT CORPORATION,"248-50 LORTON AVE,BURLINGAME, CA  94010-4204Census Tract:  6055.02",FARM AND VINE,4103
577196,ACTIVE,68,04/04/2017,03/31/2027,"ANTON MILLBRAE, LLC","1100 EL CAMINO REAL,MILLBRAE, CA  94030-2015Census Tract:  6044.00",TERRACE CAFE,4108
577196,ACTIVE,47,04/04/2017,03/31/2027,"ANTON MILLBRAE, LLC","1100 EL CAMINO REAL,MILLBRAE, CA  94030-2015Census Tract:  6044.00",TERRACE CAFE,4108
577614,ACTIVE,41,05/01/2017,04/30/2027,ONE PIECE REALITY LLC,"108 PARK PL,MILLBRAE, CA  94030-1235Census Tract:  6039.00",ONE PIECE,4108
577627,ACTIVE,58,03/15/2017,02/28/2027,"CRYSTAL SPRINGS GOLF PARTNERS, L.P.","6650 GOLF COURSE DR,BURLINGAME, CA  94010Census Tract:  6135.01",CRYSTAL SPRINGS GOLF COURSE AND FAIRVIEW CRYSTAL SPRINGS,4103
577627,ACTIVE,47,03/15/2017,02/28/2027,"CRYSTAL SPRINGS GOLF PARTNERS, L.P.","6650 GOLF COURSE DR,BURLINGAME, CA  94010Census Tract:  6135.01",CRYSTAL SPRINGS GOLF COURSE AND FAIRVIEW CRYSTAL SPRINGS,4103
577627,ACTIVE,68,03/15/2017,02/28/2027,"CRYSTAL SPRINGS GOLF PARTNERS, L.P.","6650 GOLF COURSE DR,BURLINGAME, CA  94010Census Tract:  6135.01",CRYSTAL SPRINGS GOLF COURSE AND FAIRVIEW CRYSTAL SPRINGS,4103
578650,ACTIVE,41,05/04/2017,04/30/2027,ASIAN BOX PALO ALTO LLC,"1401 BURLINGAME AVE,BURLINGAME, CA  94010-4110Census Tract:  6055.02",ASIAN BOX,4103
581454,ACTIVE,41,09/15/2017,08/31/2027,"HU BEI LOUNGE, LLC","1055 EL CAMINO REAL,MILLBRAE, CA  94030-2013Census Tract:  6039.00",HU BEI RESTAURANT AND LOUNGE,4108
583167,ACTIVE,47,09/20/2017,08/31/2027,"JBG, LLC","1300 HOWARD AVE,BURLINGAME, CA  94010-4211Census Tract:  6055.02",PARK & HOWARD BISTRO,4103
583643,ACTIVE,41,09/11/2017,04/30/2027,GOURMET VILLAGE RESTAURANT INC.,"465 BROADWAY,MILLBRAE, CA  94030-1905Census Tract:  6039.00",GOURMET VILLAGE,4108
587696,ACTIVE,47,11/21/2017,10/31/2026,OM TARA RESTAURANT GROUP INC,"333 BROADWAY,MILLBRAE, CA  94030-2509Census Tract:  6039.00",SUGANDH INDIAN RESTAURANT & BAR,4108
588724,ACTIVE,41,01/16/2018,12/31/2026,KYOFUJI CORPORATION,"1861 EL CAMINO REAL,BURLINGAME, CA  94010-3220Census Tract:  6050.00",RAMEN SARYO HACHI,4103
589122,ACTIVE,41,06/08/2018,05/31/2027,"SCENTED PEOPLE, INC.","819 MITTEN RD #39,BURLINGAME, CA  94010-1323Census Tract:  6051.00",BULLS HEAD SUSHI,4103
589397,ACTIVE,41,01/25/2018,01/31/2027,"MILLBRAE KEBABS & GYROS, INC.","675 BROADWAY,MILLBRAE, CA  94030-1909Census Tract:  6048.00",,4108
589791,ACTIVE,47,10/29/2018,09/30/2026,"H.L. PENINSULA GARDEN, INC.","1590 BAYSHORE HWY,BURLINGAME, CA  94010-1601Census Tract:  6051.00",H.L. PENINSULA PEARL,4103
590026,ACTIVE,41,03/02/2018,02/28/2027,9 NOODLE HOUSE,"9 HILLCREST BLVD,MILLBRAE, CA  94030-2637Census Tract:  6039.00",SPECIAL HAINAN CHICKEN,4108
590704,ACTIVE,41,10/16/2018,09/30/2026,NIMBUS FOODS INC,"350 ADRIAN RD,MILLBRAE, CA  94030-3105Census Tract:  6039.00",STICK AND STEAM,4108
591706,ACTIVE,41,09/05/2018,08/31/2027,SPICY FACTORY LLC,"1803 A EL CAMINO REAL,BURLINGAME, CA  94010-3202Census Tract:  6050.00",SPICY FACTORY,4103
594728,ACTIVE,42,03/08/2019,02/28/2027,"WINE REVELRY, LLC","310 LORTON AVE,BURLINGAME, CA  94010-4104Census Tract:  6055.01",VELVET 48,4103
594830,ACTIVE,41,09/04/2018,08/31/2026,"SEGA FOOD GROUP, INC.","1380 BURLINGAME AVE,BURLINGAME, CA  94010-4109Census Tract:  6055.01",CAFFE CENTRAL,4103
594856,ACTIVE,47,08/06/2018,07/31/2027,"SALTYARD, LLC","322 LORTON AVE,BURLINGAME, CA  94010-4104Census Tract:  6055.01",SALT YARD RESTAURANT,4103
594876,ACTIVE,47,09/21/2018,08/31/2026,SISTERS SIXTEEN LLC,"448-450 BROADWAY,MILLBRAE, CA  94030-1906Census Tract:  6039.00",16 MILE HOUSE,4108
595021,ACTIVE,41,11/13/2018,10/31/2026,"CALIBRIA, INC.","1326 BROADWAY AVE,BURLINGAME, CA  94010-3426Census Tract:  6051.00",CENTRO PIZZA,4103
596844,ACTIVE,41,03/25/2019,02/28/2027,POKITIME 168 WESTLAKE LLC,"1117 BURLINGAME AVE,BURLINGAME, CA  94010-4115Census Tract:  6055.02",TUNA KAHUNA,4103
598688,ACTIVE,47,03/06/2019,02/28/2027,RISE PIZZERIA LLC,"1451 BURLINGAME AVE,BURLINGAME, CA  94010-4110Census Tract:  6055.02",RISE PIZZERIA,4103
600443,ACTIVE,58,12/26/2018,11/30/2026,CLASSIC EATERY INC.,"1250 BAYSHORE HWY,BURLINGAME, CA  94010-1805Census Tract:  6051.00",MAX'S OF BURLINGAME,4103
600443,ACTIVE,47,12/26/2018,11/30/2026,CLASSIC EATERY INC.,"1250 BAYSHORE HWY,BURLINGAME, CA  94010-1805Census Tract:  6051.00",MAX'S OF BURLINGAME,4103
604124,ACTIVE,70,06/18/2019,05/31/2027,"SAN FRANCISCO AIRPORT SOUTH TL, L.P.","110 S EL CAMINO REAL,MILLBRAE, CA  94030-3121Census Tract:  6039.00",DYLAN HOTEL AT SFO THE,4108
605150,ACTIVE,41,07/29/2019,06/30/2027,CHANG RESTAURANT GROUP INC,"195 EL CAMINO REAL,MILLBRAE, CA  94030-2605Census Tract:  6039.00",PPQ DUNGENESS ISLAND,4108
605599,ACTIVE,47,07/18/2019,06/30/2027,BAY HARBOR SEAFOOD RESTAURANT INC,"1492 BAYSHORE HWY,BURLINGAME, CA  94010-1701Census Tract:  6051.00",GRAND HARBOR SEAFOOD AND DIMSUM,4103
608584,ACTIVE,41,12/23/2019,11/30/2026,GAO'S GROUP INC.,"1625 EL CAMINO REAL,MILLBRAE, CA  94030-1214Census Tract:  6044.00",TASTY PLACE,4108
612467,ACTIVE,47,03/03/2020,02/28/2027,IL FORNAIO (AMERICA) LLC,"327 LORTON AVE,BURLINGAME, CA  94010-4116Census Tract:  6055.01",IL FORNAIO,4103
613890,ACTIVE,47,05/26/2020,04/30/2027,"NFS UNLIMITED, LLC","60 BAY VIEW PL,BURLINGAME, CA  94010-1907Census Tract:  6054.00",KINCAID'S,4103
614136,ACTIVE,47,02/25/2020,03/31/2027,BENNY'S KITCHEN LLC,"235 BROADWAY,MILLBRAE, CA  94030-2507Census Tract:  6044.00",NYONYA HOUSE,4108
614818,ACTIVE,47,05/12/2020,04/30/2027,BROADWAY GRILL LLC,"1400 BROADWAY,BURLINGAME, CA  94010Census Tract:  6051.00",BROADWAY GRILL,4103
615443,ACTIVE,41,12/10/2020,11/30/2026,MR. TERIYAKI 14,"851 BURLWAY RD, STE 900,BURLINGAME, CA  94010-1722Census Tract:  6051.00",MR. TERIYAKI,4103
617280,ACTIVE,41,10/05/2020,09/30/2026,NOODLES AND THINGS (MILLBRAE) LLC,"447 BROADWAY,MILLBRAE, CA  94030-1905Census Tract:  6039.00",NOODLES & THINGS,4108
618513,ACTIVE,41,08/10/2020,08/31/2027,"LYONS, KAREN FINNEY","1431 BROADWAY,BURLINGAME, CA  94010-3427Census Tract:  6051.00",BONNE SANTE BROADWAY,4103
619662,ACTIVE,41,11/09/2020,10/31/2026,FUUMI KITCHEN LLC,"1190 BROADWAY,BURLINGAME, CA  94010-3422Census Tract:  6051.00",FUUMI,4103
619832,ACTIVE,47,01/22/2021,12/31/2026,226 KITCHEN INC,"226 LORTON AVE,BURLINGAME, CA  94010-4204Census Tract:  6055.02",226 KITCHEN,4103
622834,ACTIVE,47,03/17/2021,02/28/2027,KAIZEN AND PROSPER LLC,"333 CALIFORNIA DR,BURLINGAME, CA  94010Census Tract:  6055.01",,4103
623369,ACTIVE,41,03/10/2021,02/28/2027,VIJAYA FOODS INC.,"321 PRIMROSE RD,BURLINGAME, CA  94010-4404Census Tract:  6055.01",MASALA DESI CAFE,4103
623972,ACTIVE,41,07/07/2021,06/30/2027,ARVEE BROS INC,"1375 EL CAMINO REAL,MILLBRAE, CA  94030-1410Census Tract:  6039.00","MILLWOOD,THE",4108
629452,ACTIVE,47,10/20/2021,09/30/2027,BENIHANA INTERNATIONAL INC,"1494 BAYSHORE HWY,BURLINGAME, CA  94010Census Tract:  6051.00",BENIHANA OF TOKYO,4103
630018,ACTIVE,70,12/02/2021,11/30/2026,VISTA INVESTMENTS MGMT CO,"1640 OLD BAYSHORE HIGHWAY,BURLINGAME, CA  94010-1504Census Tract:  6051.00",VAGABOND INN,4103
630177,ACTIVE,41,12/24/2021,11/30/2026,AJISHO USA LLC,"1204 BROADWAY,BURLINGAME, CA  94010-3424Census Tract:  6051.00",CURRY HYUGA,4103
633147,ACTIVE,66,04/01/2022,03/31/2027,DHC SFO CORPORATION,"1 OLD BAYSHORE HWY,MILLBRAE, CA  94030-3120Census Tract:  6044.00",WESTIN SAN FRANCISCO AIRPORT THE,4108
633147,ACTIVE,58,04/01/2022,03/31/2027,DHC SFO CORPORATION,"1 OLD BAYSHORE HWY,MILLBRAE, CA  94030-3120Census Tract:  6044.00",WESTIN SAN FRANCISCO AIRPORT THE,4108
633147,ACTIVE,68,04/01/2022,03/31/2027,DHC SFO CORPORATION,"1 OLD BAYSHORE HWY,MILLBRAE, CA  94030-3120Census Tract:  6044.00",WESTIN SAN FRANCISCO AIRPORT THE,4108
633147,ACTIVE,47,04/01/2022,03/31/2027,DHC SFO CORPORATION,"1 OLD BAYSHORE HWY,MILLBRAE, CA  94030-3120Census Tract:  6044.00",WESTIN SAN FRANCISCO AIRPORT THE,4108
633153,ACTIVE,47,02/28/2022,01/31/2027,A M FERRARI CORPORATION,"1448 BURLINGAME AVE,BURLINGAME, CA  94010Census Tract:  6055.01",STELLA ALPINA OSTENA,4103
633169,ACTIVE,47,04/04/2022,03/31/2027,DHC SFO CORPORATION,"401 E MILLBRAE AVE,MILLBRAE, CA  94030-3111Census Tract:  6039.00",ALOFT SAN FRANCISCO AIRPORT,4108
633169,ACTIVE,58,04/04/2022,03/31/2027,DHC SFO CORPORATION,"401 E MILLBRAE AVE,MILLBRAE, CA  94030-3111Census Tract:  6039.00",ALOFT SAN FRANCISCO AIRPORT,4108
633665,ACTIVE,41,02/02/2022,01/31/2027,"NOODLEOSOPHY, LLC","102 S EL CAMINO REAL,MILLBRAE, CA  94030-3121Census Tract:  6044.00",SOCIAL EATERY,4108
634272,ACTIVE,41,02/02/2022,01/31/2027,JOY-JK CORPORATION,"420 BROADWAY,MILLBRAE, CA  94030-1906Census Tract:  6039.00",HANSANG,4108
634886,ACTIVE,41,03/11/2022,02/28/2027,MASTER BAKER INC,"1216 BURLINGAME AVE,BURLINGAME, CA  94010-4128Census Tract:  6055.01",COPENHAGEN BAKERY & CAFE,4103
634922,ACTIVE,47,04/08/2022,03/31/2027,H.L. PENINSULA HOT POT & GRILL LLC,"1600 BAYSHORE HWY,BURLINGAME, CA  94010-1504Census Tract:  6051.00",,4103
635623,ACTIVE,47,04/28/2022,03/31/2027,SAFFRON HOSPITALITY INC,"209 PARK RD,BURLINGAME, CA  94010-4205Census Tract:  6055.02",SAFFRON,4103
637082,ACTIVE,41,08/01/2022,07/31/2027,"LITTLE CHENGDU, INC.","213 EL CAMINO REAL,MILLBRAE, CA  94030-2607Census Tract:  6044.00",LITTLE CHENGDU,4108
637417,ACTIVE,58,06/10/2022,10/31/2026,EDIBLE ART INC,"1534 ROLLINS ROAD,BURLINGAME, CA  94010-2317Census Tract:  6051.00",TASTE CATERING,4103
637417,ACTIVE,83,06/10/2022,10/31/2026,EDIBLE ART INC,"1534 ROLLINS ROAD,BURLINGAME, CA  94010-2317Census Tract:  6051.00",TASTE CATERING,4103
638072,ACTIVE,41,01/20/2023,12/31/2026,FARM TO TABLE LLC,"1152 BURLINGAME AVE,BURLINGAME, CA  94010-4106Census Tract:  6055.01",URBAN KITCHEN,4103
640441,ACTIVE,47,05/15/2023,04/30/2027,BAYSIDE 765 LLC,"765 AIRPORT BLVD,BURLINGAME, CA  94010Census Tract:  6054.00",COURTYARD BY MARRIOTT SAN FRANCISCO AIRPORT - BURLINGAME,4103
640979,ACTIVE,70,02/10/2023,01/31/2027,HUNTINGTON PACIFIC HOTELS LLC,"161 N ROLLINS RD,MILLBRAE, CA  94030Census Tract:  6050.00",RESIDENCE INN MILLBRAE,4108
643686,ACTIVE,41,12/22/2022,11/30/2026,I&M GROUP LLC,"293 EL CAMINO REAL,MILLBRAE, CA  94030-2607Census Tract:  6044.00",HANA IZUMI,4108
644076,ACTIVE,41,12/22/2022,11/30/2026,HANABI RAMEN LLC,"723 CALIFORNIA DR,BURLINGAME, CA  94010-3703Census Tract:  6056.00",HANABI RAMEN AND JAPANESE CURRY,4103
644917,ACTIVE,47,02/10/2023,01/31/2027,YAN AND CHEN INC,"1180 EL CAMINO REAL,MILLBRAE, CA  94030-2015Census Tract:  6039.00",YAN PENINSULA,4108
645331,ACTIVE,47,06/29/2023,05/31/2027,TOTTENHAM WINES & SPIRITS INTERNATIONAL LLC,"339 PRIMROSE RD,BURLINGAME, CA  94010-4004Census Tract:  6055.01",ACAN,4103
645653,ACTIVE,41,03/22/2023,02/28/2027,LELAND TEA COMPANY LLC,"1223 DONNELLY AVE,BURLINGAME, CA  94010-4101Census Tract:  6055.01",LELAND TEA COMPANY,4103
647887,ACTIVE,41,06/22/2023,05/31/2027,CHOUCHOU FRENCH BISTRO,"401 PRIMROSE UNIT D & E,BURLINGAME, CA  94010-4063Census Tract:  6055.01",,4103
648136,ACTIVE,41,07/06/2023,06/30/2027,JINWEIDE BEEF NOODLE HOUSE LLC,"328 BROADWAY,MILLBRAE, CA  94030-2510Census Tract:  6044.00",LANZHOU PULLED NOODLES,4108
649647,ACTIVE,41,09/05/2023,08/31/2027,"GARCIACORTES, GABRIEL  B","250 ANZA BLVD,BURLINGAME, CA  94010-1939Census Tract:  6054.00",GABRIEL & DANIEL'S MEXICAN GRILL,4103
650887,ACTIVE,41,10/12/2023,09/30/2026,M&H GROUP LLC,"1166 HOWARD AVE,BURLINGAME, CA  94010-4226Census Tract:  6055.02",MINTS & HONEY BURLINGAME,4103
651204,ACTIVE,40,01/26/2024,12/31/2026,"PARK, JONG SEOK","1366 EL CAMINO REAL,MILLBRAE, CA  94030Census Tract:  6044.00",MILLBRAE KARAOKE HOUSE,4108
651556,ACTIVE,41,11/06/2023,10/31/2026,SUNSA & MONEY INC,"1841 EL CAMINO REAL,BURLINGAME, CA  94010-3202Census Tract:  6050.00",YUANBAO JIAOZI,4103
654560,ACTIVE,77,03/22/2024,02/28/2027,"MARRIOTT HOTEL SERVICES, LLC","1800 BAYSHORE HWY,BURLINGAME, CA  94010Census Tract:  6051.00",MARRIOTT HOTEL,4103
654560,ACTIVE,47,03/22/2024,02/28/2027,"MARRIOTT HOTEL SERVICES, LLC","1800 BAYSHORE HWY,BURLINGAME, CA  94010Census Tract:  6051.00",MARRIOTT HOTEL,4103
654560,ACTIVE,68,03/22/2024,02/28/2027,"MARRIOTT HOTEL SERVICES, LLC","1800 BAYSHORE HWY,BURLINGAME, CA  94010Census Tract:  6051.00",MARRIOTT HOTEL,4103
654810,ACTIVE,47,04/09/2024,03/31/2027,HONG KONG PALACE INC,"300 EL CAMINO REAL,MILLBRAE, CA  94030-2610Census Tract:  6044.00",HONG KONG PALACE,4108
655426,ACTIVE,41,03/22/2024,02/28/2027,ZHEN HOT POT,"103 EL CAMINO REAL,MILLBRAE, CA  94030-2605Census Tract:  6039.00",Z POT HOUSE,4108
655547,ACTIVE,41,02/16/2024,01/31/2027,NEW KITCHEN MAKE INC,"279 EL CAMINO REAL,MILLBRAE, CA  94030Census Tract:  6044.00",KITCHEN THE,4108
656164,ACTIVE,41,03/25/2024,02/28/2027,JZZ LEGEND,"121 EL CAMINO REAL,MILLBRAE, CA  94030-2605Census Tract:  6044.00",THE KITCHEN BBQ EXPRESS,4108
656239,ACTIVE,41,03/19/2024,02/28/2027,"BASHAMICHI GROUP, INC.","1390 EL CAMINO REAL,MILLBRAE, CA  94030-1411Census Tract:  6044.00",BASHAMICHI SUSHI AND BAR,4108
656944,ACTIVE,41,04/24/2024,03/31/2027,231 KITCHEN INC,"231 PARK RD,BURLINGAME, CA  94010Census Tract:  6055.02",LASAGNERIA,4103
657007,ACTIVE,47,04/22/2024,03/31/2027,GMG CUISINE INC,"1130 BROADWAY,BURLINGAME, CA  94010-3422Census Tract:  6051.00",SOCIETY,4103
657267,ACTIVE,41,05/22/2024,04/30/2027,PLUCKYS CAFE LLC,"1352 BROADWAY,BURLINGAME, CA  94010Census Tract:  6051.00",PLUCKY'S,4103
657740,ACTIVE,47,11/19/2024,10/31/2026,"TOPGOLF USA BURLINGAME, LLC","258 ANZA BLVD,BURLINGAME, CA  94010-1939Census Tract:  6054.00",TOPGOLF,4103
657740,ACTIVE,68,11/19/2024,10/31/2026,"TOPGOLF USA BURLINGAME, LLC","258 ANZA BLVD,BURLINGAME, CA  94010-1939Census Tract:  6054.00",TOPGOLF,4103
659256,ACTIVE,41,09/03/2024,08/31/2026,TRUFFLE POKE BAR INC,"1212 DONNELLY AVE,BURLINGAME, CA  94010-4102Census Tract:  6055.01",TRUFFLE POKE BAR,4103
659445,ACTIVE,41,09/05/2024,08/31/2026,PLANNA INC,"243 CALIFORNIA DR,BURLINGAME, CA  94010-4112Census Tract:  6055.02",SAKAE SUSHI,4103
660647,ACTIVE,41,11/06/2024,10/31/2026,SAMUTTAR FOODS INC,"1251 BROADWAY,BURLINGAME, CA  94010-3423Census Tract:  6051.00",,4103
661009,ACTIVE,41,10/15/2024,09/30/2026,MODERN EATS INC,"414 BROADWAY,MILLBRAE, CA  94030-1906Census Tract:  6044.00",,4108
661071,ACTIVE,47,11/12/2024,10/31/2026,DUMPLING KITCHEN & BAR INC,"1125 BURLINGAME AVE,BURLINGAME, CA  94010-4115Census Tract:  6055.02",DUMPLING KITCHEN & BAR,4103
661086,ACTIVE,41,09/23/2024,08/31/2027,SHABU CLUB BURLINGAME LLC,"1150 PALOMA AVE,BURLINGAME, CA  94010-3508Census Tract:  6051.00",SHABU CLUB,4103
661092,ACTIVE,41,09/20/2024,08/31/2027,PEFKO HOLDINGS LLC,"716 MAGNOLIA AVE,MILLBRAE, CA  94030-1858Census Tract:  6048.00",BROTHERS CAFE,4108
666241,ACTIVE,47,04/30/2025,03/31/2027,"PANNA, LLC","1444 BURLINGAME AVE,BURLINGAME, CA  94010-4111Census Tract:  6055.01",PIZZERIA DELFINA,4103
666241,ACTIVE,58,04/30/2025,03/31/2027,"PANNA, LLC","1444 BURLINGAME AVE,BURLINGAME, CA  94010-4111Census Tract:  6055.01",PIZZERIA DELFINA,4103
666535,ACTIVE,41,06/04/2025,05/31/2027,KHATRA LLC,"435 BROADWAY,MILLBRAE, CA  94030-1905Census Tract:  6044.00",KHATRA LLC,4108
668666,ACTIVE,41,06/04/2025,05/31/2027,NOM NOM KITCHEN INC,"309 BROADWAY,MILLBRAE, CA  94030-2509Census Tract:  6044.00",NOM NOM BISTRO,4108
669587,ACTIVE,58,08/26/2025,07/31/2027,COMPASS GROUP USA INC,"1699 BAYSHORE HWY,BURLINGAME, CA  94010-1512Census Tract:  6051.00",KING STREET CAFE UNIT H 69051,4103
669587,ACTIVE,41,08/26/2025,07/31/2027,COMPASS GROUP USA INC,"1699 BAYSHORE HWY,BURLINGAME, CA  94010-1512Census Tract:  6051.00",KING STREET CAFE UNIT H 69051,4103
669669,ACTIVE,47,09/09/2025,08/31/2027,F&JP AMADO LLC,"1100 BURLINGAME AVE,BURLINGAME, CA  94010-4106Census Tract:  6055.01",AMADO,4103
669669,ACTIVE,58,09/09/2025,08/31/2027,F&JP AMADO LLC,"1100 BURLINGAME AVE,BURLINGAME, CA  94010-4106Census Tract:  6055.01",AMADO,4103
670206,ACTIVE,41,10/31/2025,09/30/2026,GOLDEN GATE PIZZA PARTNERS LLC,"1395 EL CAMINO REAL, UNIT B,MILLBRAE, CA  94030-1473Census Tract:  6044.00",MOUNTAIN MIKE'S PIZZA,4108
670300,ACTIVE,47,09/20/2025,08/31/2027,BARRACUDA SUSHI LLC,"347 PRIMROSE RD B,BURLINGAME, CA  94010Census Tract:  6055.01",BARRACUDA SUSHI JAPANESE RESTAURANT,4103
670776,ACTIVE,41,09/30/2025,08/31/2027,WON KOK MILLBRAE,"1671 EL CAMINO REAL,MILLBRAE, CA  94030-1214Census Tract:  6039.00",WON KOK MILLBRAE,4108
671818,ACTIVE,41,11/12/2025,10/31/2026,270 MK LLC,"270 LORTON AVE,BURLINGAME, CA  94010-4204Census Tract:  6055.02",270 MK LLC,4103
672071,ACTIVE,47,01/08/2026,12/31/2026,"PICCOLO CAFÉ, INC.","1219 BROADWAY,BURLINGAME, CA  94010-3423Census Tract:  6051.00",BISTRO ARANCINI,4103
672404,ACTIVE,41,11/26/2025,10/31/2026,SUNNY PASS INC,"1320 BROADWAY,BURLINGAME, CA  94010-3426Census Tract:  6051.00",BLISSFUL NOODLE,4103
674109,ACTIVE,41,03/02/2026,02/28/2027,WELAT INC,"357 EL CAMINO REAL,MILLBRAE, CA  94030Census Tract:  6044.00",WELAT INC DBA SLICE HOUSE PIZZA BY TONY GEMIGANI,4108
674279,ACTIVE,41,03/06/2026,02/28/2027,B&B GROUP INC,"979 BROADWAY ST, STE 100,MILLBRAE, CA  94030-1993Census Tract:  6048.00",NYONA HOUSE,4108
674790,ACTIVE,41,05/13/2026,04/30/2027,GYRO BROTHERS LLC,"1851 EL CAMINO REAL,BURLINGAME, CA  94010-3220Census Tract:  6050.00",HOUSE OF KEBAB,4103
676365,ACTIVE,41,04/21/2026,03/31/2027,RAMEN N NOREN USA LLC,"266 LORTON AVE,BURLINGAME, CA  94010-4204Census Tract:  6055.02",SATOSHI RAMEN SHOP,4103
676590,ACTIVE,41,04/23/2026,03/31/2027,FAITH FOOD LLC,"1711 EL CAMINO REAL,MILLBRAE, CA  94030-1215Census Tract:  6044.00",CHINOYANG'S HUNAN CUISINE,4108
677130,ACTIVE,41,04/17/2026,03/31/2027,SDC MILLBRAE INC,"101 N ROLLINS RD,MILLBRAE, CA  94030Census Tract:  6044.00",SOURDOUGH & CO,4108
678117,ACTIVE,41,06/03/2026,05/31/2027,NETRA CENTER FOR ARTS AND CULTURE LLC,"1419 BURLINGAME AVE, STE M,BURLINGAME, CA  94010-4123Census Tract:  6055.02",CANVAS & CAFE,4103
678388,ACTIVE,41,06/03/2026,05/31/2027,PATTYS RETRO DINER LLC,"1184 BROADWAY,BURLINGAME, CA  94010-3422Census Tract:  6051.00",PATTYS RETRO DINER LLC,4103
678622,ACTIVE,41,07/02/2026,06/30/2027,BURLINGAME EATERY INC,"361 CALIFORNIA DR,BURLINGAME, CA  94010-4114Census Tract:  6055.01",STACK'S RESTAURANT,4103
